                  epoch,         train/box_loss,         train/cls_loss,         train/dfl_loss,   metrics/precision(B),      metrics/recall(B),       metrics/mAP50(B),    metrics/mAP50-95(B),           val/box_loss,           val/cls_loss,           val/dfl_loss,                 lr/pg0,                 lr/pg1,                 lr/pg2
                      1,                 3.4059,                 4.2864,                 4.2588,                0.00238,                0.63462,                0.00568,                0.00166,                 2.9779,                 4.1931,                 4.1501,                0.00048,                0.00048,                0.00048
                      2,                 3.3049,                 4.1055,                 4.1008,                0.00225,                0.63462,                 0.0062,                  0.002,                 3.0503,                 4.0341,                 4.1666,             0.00078596,             0.00078596,             0.00078596
                      3,                 3.1397,                 3.9969,                  3.869,                 0.0024,                0.53846,                0.00769,                 0.0023,                 3.1452,                 4.0832,                 4.3692,             0.00089392,             0.00089392,             0.00089392
                      4,                 3.0188,                 3.8552,                 3.7203,                0.00293,                0.57692,                0.01127,                0.00305,                 3.1972,                 4.1047,                 4.5506,             0.00080388,             0.00080388,             0.00080388
                      5,                 3.0044,                 3.7388,                 3.5816,                0.00445,                0.44231,                0.01159,                0.00406,                 3.1504,                 4.1386,                 4.3863,               0.000416,               0.000416,               0.000416
